naics,va_y,va_l,pl_l,inter_y,sk_l,m_l,k_l,rental_l,temp_l,it_l,mkt_l,outsource_l,tax_l
311111,-0.75260079,6.4216809,-0.31719497,-0.02449053,-1.3026475,2.4496517,-0.33638772,-3.2850125,-2.4954233,-3.9976997,-2.677568,-3.0335262,-3.154557
311119,-1.5046281,5.5636086,-0.54112929,-0.042811144,-0.87249047,2.8807278,-0.8627106,-2.5732324,-3.1680183,-3.8867321,-4.018013,-3.3187177,-3.3100295
311211,-1.0539742,5.8893523,-0.45592213,-0.014666933,-1.0047482,2.4694459,-0.87518257,-2.6326015,-3.3214412,-4.2454023,-4.1478524,-3.4439414,-3.2850208
311212,-1.1268872,5.3859711,-0.43748119,-0.012581213,-1.0375003,2.2603376,-1.2521425,-2.915592,-2.5801651,-2.8005049,-2.3431895,-1.6973188,-3.1739788
311213,-1.051066,6.3425875,-0.48469806,-0.092008956,-0.95680845,2.7277622,-0.54641324,-2.2129989,-3.3684447,-1.4494081,0.97563469,-0.34050041,-2.3496923
311221,-0.98298597,6.3165755,-0.51885748,-0.009910032,-0.90436262,2.5523081,-0.82116306,-2.0077457,-3.0426078,-3.1514108,-1.269093,-2.4213314,-2.7280936
311224,-1.5095443,6.9348431,-0.45134923,-0.12979907,-1.0127147,4.092062,-0.35567272,-2.5181451,-3.814368,-2.994112,-0.19893168,-2.8338056,-2.8248081
311225,-1.4270592,5.9292336,-0.49215797,-0.019599399,-0.94496232,2.9774568,-1.0801325,-2.236686,-3.2830458,-2.7445288,-1.6696264,-3.1998675,-3.3803313
311230,-0.87852764,5.8121071,-0.23152071,-0.009681315,-1.5766139,1.9813849,-1.5803682,-3.9847324,-3.170377,-3.3824697,-2.54966,-1.939412,-3.4988322
311313,-0.8205896,5.5188141,-0.25716677,-0.018372459,-1.4838598,1.9145072,-0.86219496,-2.9074249,-1.7072511,-5.2546678,-0.96730679,-0.82818365,-3.4555259
311314,-1.048368,5.7171192,-0.31889534,-0.00812583,-1.2981063,2.2513752,-0.98271251,-1.7513558,-2.2297583,-4.0365677,-1.3062314,-2.4338808,-1.9980721
311340,-0.60784489,5.4759278,-0.49702936,-0.017914964,-0.93734866,1.3903607,-1.627061,-2.8640704,-2.139858,-3.9582067,-1.7697543,-3.0265863,-4.0042262
311351,-1.2124714,5.4203467,-0.50729573,-0.033629697,-0.92160904,2.1776748,-1.8053141,-1.5349576,-2.3285761,-3.9272747,-2.0781772,-3.0156102,-4.3304348
311352,-0.61313021,5.3051171,-0.39203924,-0.036921222,-1.1260172,1.4220246,-1.8048056,-2.6311908,-2.5415721,-4.2890625,-4.2901025,-3.9068689,-3.870827
311411,-0.79493594,5.120842,-0.26262635,-0.021769321,-1.465464,1.6758198,-1.1388323,-2.7150686,-3.2227147,-4.5615129,-6.1220584,-3.7279236,-3.4175951
311412,-0.83802485,5.0614424,-0.3329792,-0.00919971,-1.2615494,1.569476,-1.575473,-2.8377326,-2.5804012,-4.3183193,-2.9254715,-3.4671552,-4.089787
311421,-0.81817317,5.3922696,-0.30941415,-0.01902158,-1.3237958,1.7464234,-1.4739836,-2.1742666,-2.9883659,-4.0228963,-2.2963364,-3.4770756,-3.131846
311422,-0.47686878,6.2325201,-0.28767705,-0.018255115,-1.3863094,1.7381639,-1.3696318,-3.5106506,-3.3375943,-4.297472,-2.6569262,-3.8771365,-3.624475
311423,-0.73528808,5.4416609,-0.45429537,-0.025235591,-1.0075707,1.6445649,-1.6394488,-2.585639,-2.4181621,-4.0245447,-2.0690374,-3.0151987,-3.5562069
311511,-1.0718195,5.4502063,-0.53380191,-0.076808155,-0.88278681,2.071373,-0.86863059,-2.7718024,-3.6676123,-4.1474442,-2.8717747,-2.9396977,-3.1548791
311512,-2.1795011,5.3141088,-0.40052176,0.10135345,-1.108573,3.3753812,-1.2696096,-2.2205524,-3.428843,-4.7532697,-4.7705054,-2.6351185,-2.9904032
311513,-1.4871382,5.3417459,-0.25316662,-0.024092341,-1.4976217,2.5840807,-0.90039867,-3.1019473,-3.1982255,-4.3332067,-3.613744,-3.7309463,-3.8644507
311514,-0.81906956,6.2578812,-0.41289657,-0.48798019,-1.083913,2.4025156,-0.32626757,-2.6116192,-2.830364,-4.2053323,-4.5036359,-2.4870358,-3.4372642
311520,-0.85310102,5.2501035,-0.25550845,-0.04257502,-1.4895353,1.7079595,-1.0867379,-2.5977292,-2.7070181,-4.5539527,-2.371434,-3.7072475,-3.5367723
311611,-1.5445055,4.8961849,-0.22293007,-0.01000445,-1.6102923,2.526679,-1.7736498,-3.4261866,-3.7710321,-5.5239806,-3.9537597,-3.5045376,-4.4446344
311612,-1.1407001,5.0729909,-0.31987697,-0.018740915,-1.2954975,2.0676391,-1.1599082,-3.1499174,-2.6842923,-4.3283334,-3.0826733,-3.5670447,-4.1117139
311613,-0.70858449,5.4516325,-0.57199621,-0.017822405,-0.83102554,1.4881722,-1.2338065,-2.4984269,-4.2119327,-4.1973457,-5.5957346,-3.9259846,-3.2456772
311615,-0.87744278,4.7473807,-0.21366648,-0.008422254,-1.6482707,1.6194023,-1.4474672,-3.9210446,-3.3296912,-5.174427,-5.6182475,-4.0273433,-4.2978477
311710,-0.89957464,5.167078,-0.33451548,-0.034509681,-1.2576716,1.7170013,-1.4237345,-2.7372081,-2.990912,-4.2743487,-4.2332611,-3.6220791,-3.3648863
311811,-0.37080249,4.0070744,-0.44036505,-0.014030409,-1.0322667,0.022840159,-2.0584278,-2.112524,-2.8386092,-4.5117688,-4.3517275,-3.9431081,-4.0218377
311812,-0.40840009,5.2695031,-0.58553123,-0.038102593,-0.81375664,0.77588767,-1.8098654,-2.5041065,-2.0627456,-4.5485287,-3.1938243,-3.8043408,-3.606576
311813,-0.74851227,4.875948,-0.43431801,-0.024039172,-1.0432899,1.2893696,-1.4781103,-2.6652822,-2.3940587,-4.2971311,-3.6941381,-3.7379191,-3.693248
311821,-0.57959032,5.3015981,-0.35384512,-0.03769087,-1.2106071,1.1459237,-1.5156437,-3.2998652,-2.8716187,-5.1135221,-1.6505029,-3.9159997,-4.2126236
311824,-0.81981903,5.6122594,-0.45740452,-0.055895213,-1.002187,1.8985649,-1.1798296,-2.5466509,-1.986517,-4.0269198,-2.150743,-3.1489663,-3.5399139
311830,-0.55660373,4.9156437,-0.33752018,-0.023932116,-1.2501479,0.92620802,-1.7257955,-2.5225396,-2.5668414,-4.3586006,-4.047183,-4.5328503,-3.9323652
311911,-1.3711526,5.2129059,-0.33699471,-0.022279304,-1.251458,2.4506779,-1.1136773,-2.3549714,-2.135931,-3.9910975,-2.3182526,-3.0324659,-2.7389345
311919,-0.35045502,6.1203289,-0.33502463,-0.057345886,-1.2563912,1.331767,-1.3094723,-3.2731426,-3.2129869,-4.8811975,-0.77713871,-3.9000714,-3.5869527
311920,-0.99037743,5.8061671,-0.5459339,-0.041202854,-0.86583656,2.2332203,-1.6348764,-2.1486232,-2.4569118,-3.6657178,-1.691128,-3.2915764,-3.7724881
311930,-0.30809525,7.0257421,-0.72798288,-0.010631818,-0.65948427,1.7832228,-0.43429241,-2.1254768,-3.0637958,-3.1333601,-1.55372,-3.3060484,-3.3828173
311941,-0.69791436,5.6929359,-0.46701187,-0.0417597,-0.98583549,1.721011,-0.50065571,-2.4238875,-2.4495044,-4.0613861,-2.0204508,-3.5031455,-3.6355271
311942,-0.77999532,5.6176152,-0.77166969,-0.047654845,-0.6203441,1.591273,-1.3201984,-2.5761538,-2.6071694,-3.6051764,-2.5966232,-2.9678063,-3.8680975
311991,-0.81865579,4.8727498,-0.45881644,-0.018530004,-0.99975729,1.486656,-1.5075349,-2.3289046,-1.852564,-3.6571734,-2.9822829,-3.3900011,-3.6259577
311999,-0.87490183,5.3531032,-0.52181745,-0.028528344,-0.90002626,1.7848129,-1.1968764,-2.4777308,-2.5606692,-3.9247537,-3.5332842,-2.9800718,-3.5447788
312111,-1.0354594,5.7007742,-0.5229739,-0.10561047,-0.89834064,2.226177,-1.1677753,-2.5281847,-3.2776773,-2.6449056,-0.47885174,-3.6225948,-2.9807212
312112,-0.50352114,5.8928986,-0.50208652,-0.036818631,-0.92954433,1.4279103,-0.20724314,-2.3965263,-1.9554472,-3.8286059,-2.2670736,-2.9037268,-2.7125854
312113,-0.19371864,5.0137806,-1.1869776,-0.014094049,-0.36404794,-0.29668155,-1.3713447,-2.1061358,-2.7688327,-3.9342811,-5.1984029,-4.9053445,-3.0521719
312120,-0.40100184,6.254056,-0.5186761,-0.023152398,-0.90462941,1.4311953,-0.4612464,-2.736254,-4.3502226,-4.4590602,-3.2437305,-3.6181178,-2.3042324
312130,-0.46157426,5.7786231,-0.97155583,-0.048783474,-0.47560924,1.2525148,-0.87783134,-2.0807078,-3.1411548,-3.5651891,-2.5920494,-2.5857029,-2.741796
312140,-0.37558439,6.8482337,-0.60611075,-0.028464289,-0.78848743,1.822106,-0.50595611,-2.4254589,-2.5402358,-4.1693325,-1.7346922,-3.2454143,-1.523477
312230,-0.21520807,7.8783541,-0.50520998,-0.029138092,-0.92477375,2.266037,-0.90830892,-3.3196831,-3.5451581,-4.1629996,-2.9444602,-1.6370996,-2.4823132
313110,-1.1214547,4.5811796,-0.24175082,-0.011668262,-1.5382892,1.7600943,-1.3753303,-3.1484249,-2.7159898,-4.0548997,-5.2150035,-4.1735625,-3.6837614
313210,-0.98635423,4.4031558,-0.31886137,-0.032970946,-1.2981968,1.2666523,-2.077395,-3.5798905,-3.4219663,-4.2063766,-5.613935,-3.8626337,-3.8673635
313220,-0.56320572,4.5586977,-0.39407358,-0.055113882,-1.1217922,0.63136721,-2.0855768,-2.8339176,-3.6407518,-3.9676383,-4.4824967,-3.3694193,-3.8306012
313230,-0.7076593,5.4009557,-0.5248245,-0.036688443,-0.89565313,1.4304812,-0.95802671,-2.6500602,-2.4821415,-3.5892107,-4.4444933,-2.9896352,-3.3885121
313240,-0.95716757,4.4218421,-0.49018738,-0.095837288,-0.94806939,1.221079,-2.2058825,-2.9269524,-3.2127845,-4.111825,-5.2846813,-3.4624903,-4.0330439
313310,-0.91235906,4.6319499,-0.42669439,-0.061186373,-1.0574597,1.3283768,-1.9130385,-2.6422498,-2.8851099,-3.4744201,-3.8139791,-3.5816946,-3.6429272
313320,-0.9420476,4.9633322,-0.7345947,-0.028121021,-0.6533494,1.343649,-1.808392,-2.6575491,-3.2792752,-3.8179393,-4.6784153,-2.9590731,-3.2555823
314110,-1.0237136,4.7829752,-0.41286516,-0.015615113,-1.0839745,1.6262197,-1.8693371,-2.6706603,-3.1766431,-4.2253785,-5.1160688,-4.0569062,-3.7786012
314120,-0.67945993,4.6539345,-0.44153026,-0.10997842,-1.0301641,1.1280226,-2.7086592,-2.2703359,-2.3952243,-3.9928067,-2.0029812,-3.6577823,-3.6277878
314910,-0.62893897,4.5640311,-0.55886912,-0.10460759,-0.84829426,0.7495718,-2.7973382,-2.3126123,-3.01443,-3.9492815,-3.497256,-3.2433794,-4.2342558
314994,-0.84260708,4.8601131,-0.46169111,-0.044030316,-0.99483889,1.2526288,-1.3176826,-2.7538953,-2.8277926,-3.4647419,-3.956666,-3.6563773,-3.4085972
314999,-0.66232371,4.4078288,-0.47381955,-0.092175454,-0.97450155,0.79360151,-2.469734,-2.3206491,-2.8562984,-3.8824692,-4.1919265,-4.0319777,-3.984211
315110,-0.73604822,3.9494188,-0.28443992,-0.15454029,-1.3960844,0.54281718,-2.4798079,-3.3569722,-3.5649872,-4.115953,-4.042172,-3.59899,-4.2170544
315190,-0.79133511,3.9717336,-0.33371237,-0.16790666,-1.2596961,0.73311484,-1.9609743,-2.0984824,-1.9442202,-3.284745,-4.4974189,-3.2619975,-4.0711594
315210,-0.41759017,3.8763647,-0.23933698,-0.049685426,-1.5471656,-0.04856367,-3.0059474,-2.4460008,-4.1114745,-4.5574231,-4.7010946,-4.154954,-4.0309577
315220,-0.65095103,4.1516676,-0.40583193,-0.078115314,-1.0978791,0.68146247,-2.5021555,-2.2972968,-3.513314,-3.788826,-3.2772214,-3.5481668,-4.0218525
315240,-0.70457518,4.7401695,-0.56585979,-0.14446422,-0.83903271,1.0458896,-2.7918375,-1.8375124,-3.5300617,-3.7584765,-3.0889659,-2.9289925,-3.8772874
315280,-0.56064534,4.4656916,-0.52619308,-0.1483904,-0.89367342,0.55206531,-2.4693341,-2.5208585,-4.3205547,-3.4254115,-3.377008,-3.4598641,-3.4964993
315990,-0.60223752,4.269279,-0.5097568,-0.27096421,-0.91789609,0.65853566,-3.1406777,-2.5531015,-3.9494171,-4.017004,-3.2047975,-3.5552058,-4.4275107
316110,-1.4753963,4.7205806,-0.46830401,-0.008934199,-0.98366839,2.0889027,-1.696059,-2.9398367,-3.4663732,-4.6598301,-4.4312878,-3.6662805,-3.2873468
316210,-0.76832247,4.3795729,-0.44971272,-0.079956606,-1.0155901,0.8946287,-2.7881055,-3.1006544,-3.619158,-4.2752147,-2.7874522,-3.4819064,-4.9080558
316992,-0.5682615,4.9213729,-0.81652915,-0.073804229,-0.58332998,0.8243801,-3.2776918,-2.081213,-4.7040267,-4.028801,-2.7115157,-3.1591508,-4.0507398
316998,-0.70604122,4.1904969,-0.69156909,-0.23673701,-0.69472778,0.66437572,-2.8600707,-2.297066,-2.3880177,-3.6030457,-2.8280513,-3.4793704,-4.16503
321113,-0.83721286,4.9986467,-0.24356657,-0.032480694,-1.5316776,1.3978081,-0.94111013,-3.572181,-3.4707136,-4.1650949,-5.8421082,-3.6083434,-3.2901001
321114,-1.4641877,5.1295981,-0.44778949,-0.046558794,-1.0189859,2.4137726,-1.5191885,-2.3797684,-2.6880176,-4.0133014,-2.8531389,-1.6497915,-3.1081712
321211,-0.99373764,4.5726953,-0.34376466,-0.044061061,-1.2347612,1.3597907,-1.9175227,-2.9595201,-3.5139098,-4.2708321,-5.404057,-3.6740825,-3.7920794
321212,-0.95783782,4.7316885,-0.18128438,-0.028722525,-1.7969615,1.306389,-1.1141237,-3.8342273,-3.7441819,-5.0012174,-7.2636666,-4.0856133,-3.6004999
321213,-0.99562567,5.2069139,-0.30448294,-0.038926288,-1.3375218,1.8344436,-1.3777894,-2.738282,-3.5579934,-3.9525108,-3.1142869,-2.995295,-3.363493
321214,-0.73589718,4.5105391,-0.54963881,-0.064614423,-0.86075729,0.86320466,-1.5539267,-2.8124347,-2.8203301,-4.2463236,-5.2106571,-4.2093053,-3.5518327
321219,-0.72220719,5.574008,-0.35136014,-0.008884601,-1.2164849,1.6112913,-0.92392427,-2.974968,-3.7158391,-4.0787382,-5.5890708,-3.4763563,-3.1794116
321911,-0.64960915,4.7864866,-0.42554584,-0.032776471,-1.0596215,0.91467899,-2.1648562,-3.0647457,-3.4783413,-3.7787135,-2.9673951,-3.2109571,-4.2327442
321912,-0.86147004,4.770678,-0.31587097,-0.07708443,-1.3062031,1.392207,-1.6936163,-3.0136075,-2.8289838,-4.0832567,-4.8886452,-3.8471,-3.6154993
321918,-0.8044709,4.6277623,-0.34479621,-0.048467416,-1.2322512,1.1773757,-1.7337899,-2.8322675,-2.8781419,-4.2799621,-4.2217407,-3.6587729,-4.0099854
321920,-0.85344577,4.2840347,-0.34825122,-0.072153538,-1.2239085,1.042528,-1.8514587,-2.3930719,-2.7011418,-4.4614916,-4.6208434,-4.1458755,-2.6937187
321991,-0.77755606,4.6350813,-0.32833198,-0.004715073,-1.2734083,1.2031101,-3.0297606,-3.2862794,-2.9792085,-3.9826505,-4.1400461,-4.227931,-4.0709777
321992,-0.8533228,4.4708691,-0.59057158,-0.065159172,-0.80745995,0.98876113,-2.7216289,-2.9422183,-3.5700836,-4.1696863,-3.5253222,-4.1035805,-3.9531446
321999,-0.72642642,4.6501255,-0.38396862,-0.061166622,-1.1430433,1.0994456,-1.1975036,-2.4523444,-2.8390856,-4.090641,-4.0542588,-3.53247,-3.6913271
322110,-0.68643945,5.850585,-0.25855455,-0.008011641,-1.479142,1.4146591,-0.39183781,-2.9988968,-5.6324673,-4.0195384,-7.0432048,-2.1759984,-2.5263996
322121,-0.65239471,5.9482613,-0.26644048,-0.072140254,-1.4528685,1.5673468,-0.43006399,-3.3087702,-3.4922197,-4.0328584,-4.480689,-2.5785253,-2.9616482
322122,-0.83582121,5.8768439,-0.26909721,0.78411818,-1.4442159,1.7141105,0.52882391,-3.8773596,-3.2900515,-3.9146504,-6.7065821,-2.4360108,-2.4258013
322130,-0.53745389,6.2027402,-0.27968377,-0.006270368,-1.4106804,1.4699398,-0.21577214,-3.0325327,-4.886025,-4.1656871,-7.0737801,-2.1843126,-2.7430074
322211,-1.0263348,5.196074,-0.47401884,-0.055755615,-0.97417283,1.6844113,-1.3048549,-2.2994916,-3.0334206,-4.0350599,-6.0187507,-3.7796984,-3.5580566
322212,-0.91490978,4.9922099,-0.40551513,-0.042118728,-1.0985122,1.4007382,-1.4929864,-2.3463573,-2.6446476,-3.7713823,-5.5825782,-3.9743431,-3.7118094
322219,-0.82196784,5.1108646,-0.2975207,-0.057449192,-1.3573463,1.5108411,-1.5222864,-2.4269555,-3.0656903,-4.3158679,-6.2751322,-4.2687449,-3.7194932
322220,-0.79096371,5.3229103,-0.48654234,-0.035722848,-0.95385844,1.4524465,-1.6098498,-2.7580249,-3.3844318,-3.7920101,-4.8656187,-3.8106143,-3.8261771
322230,-1.0478549,4.894381,-0.43270278,-0.10917536,-1.0462664,1.6356666,-2.3026695,-2.4625967,-3.3922668,-3.6288781,-3.7536454,-3.8122168,-4.0429077
322291,-0.71405339,5.787869,-0.38631848,-0.044233732,-1.1380417,1.7491988,-0.53228641,-2.6725631,-2.4103382,-4.2606778,-4.5393715,-2.9868162,-3.3193746
322299,-0.71701097,5.0376821,-0.45127213,-0.065113947,-1.0128499,1.1881603,-1.8465509,-2.3734989,-2.9699914,-3.9163635,-3.8817897,-3.8051445,-3.8305087
323111,-0.53030616,4.8268795,-0.48405668,-0.041963667,-0.95783764,0.51433861,-2.0883255,-2.5261748,-2.8776894,-3.5511866,-4.2768669,-3.8514936,-4.09483
323113,-0.53836036,4.4291325,-0.55830181,-0.0972296,-0.84905255,0.48502415,-2.5952051,-2.397912,-3.0843883,-3.9913754,-3.3699679,-3.7716918,-4.3454642
323117,-0.50447124,4.7520251,-0.30993474,-0.020652333,-1.3223616,0.47362873,-2.1592991,-2.7057178,-3.1644778,-4.125668,-5.4925294,-3.9818368,-4.1305218
323120,-0.31113878,4.6807704,-0.46824509,-0.043396335,-0.98376703,-0.25514627,-2.5390413,-2.482043,-2.634758,-3.4800205,-5.2669072,-4.2015262,-4.3701148
324110,-1.7310947,6.9649701,-0.60686845,-0.052539397,-0.78757888,3.6993546,0.44877866,-2.3945191,-1.9888946,-4.0919948,-6.8237815,-1.6005116,-1.4212655
324121,-0.83962005,5.843287,-0.31141955,-0.04798004,-1.3182864,2.0337572,-1.0283087,-1.7236693,-2.9259257,-3.3609562,-4.8527217,-3.0741043,-2.6305482
324122,-0.73378032,6.2572284,-0.34824052,-0.043575399,-1.2239343,2.0238755,-0.042779073,-2.4056847,-3.1887391,-4.217977,-4.8182173,-3.376368,-3.1766417
324191,-1.0516373,6.2093349,-0.74594444,-0.029851945,-0.64299822,2.4647827,-0.29925016,-2.6117542,-2.2629728,-3.0725265,-3.4197106,-3.1012871,-2.8331347
324199,-0.88369107,6.0761175,-0.30150872,-0.010948149,-1.3459257,2.1526518,-0.59451622,-2.2236667,-2.6598818,-3.1737688,-8.1224146,-2.0913026,-2.1389251
325110,-0.60008645,7.9972386,-0.49010459,-0.019793279,-0.94820029,3.0563753,1.1805556,-2.5168772,-2.3018332,-3.0107288,-6.5289035,-2.078712,-1.8769736
325120,-0.5198794,6.0727754,-0.45962274,-0.036356479,-0.99837387,1.4005365,-0.91680324,-2.3457108,-4.1809149,-4.0590911,-6.4017119,-3.7944963,-2.1948822
325130,-0.74877363,5.9209456,-0.55802286,-0.051411465,-0.84942573,1.644832,-1.3048695,-3.4419909,-2.7468705,-3.8196814,-5.5544009,-3.096606,-3.3078318
325180,-0.50961143,6.1348424,-0.59187162,-0.075061254,-0.80584741,1.2706634,-0.66497356,-2.6826153,-2.3195081,-3.4540775,-5.8588219,-2.7262664,-2.6460435
325193,-1.4467694,6.4551253,-0.42779329,-0.017084703,-1.0553981,3.423444,0.21757431,-1.5438101,-3.4068336,-2.7778947,-3.6188009,-1.9428136,-2.4108179
325194,-0.77038801,6.3069091,-0.61266881,-0.009190712,-0.78067362,1.8805895,-0.54301572,-2.4378207,-2.1596427,-4.4362926,-7.6509571,-2.7515507,-2.2882049
325199,-0.77158624,6.2888088,-0.66146749,-0.031469412,-0.7258634,1.9119934,-0.32213926,-2.6461585,-2.7562668,-3.64095,-5.341651,-2.716748,-2.5850091
325211,-0.97687358,6.0766459,-0.59756136,-0.027637664,-0.79884475,2.1606328,-0.078777157,-2.8749955,-2.1152015,-4.0712447,-5.9487686,-3.3627005,-2.587883
325212,-0.89666915,5.8691506,-0.56683987,-0.064497598,-0.8377462,1.8575652,-0.68914014,-2.6945162,-2.2063332,-3.1650484,-3.9392896,-1.663092,-2.5999224
325220,-0.91488463,5.2938881,-0.32468066,-0.010271465,-1.2828649,1.7737324,-0.5098657,-3.2506826,-2.9533217,-4.0978794,-4.952065,-2.8967385,-3.2368388
325311,-0.37812302,6.6561012,-0.53046632,-0.010618631,-0.88753462,1.4319664,1.8820421,-2.6997466,-2.6379676,-3.6473923,-5.0695777,-1.6328673,-2.7277961
325312,-0.7592625,6.2338271,-0.42218518,-0.009866834,-1.0659882,1.9230703,0.21319287,-2.3238919,-3.3400457,-4.2854486,-6.4864111,-2.9874382,-2.2773261
325314,-0.83760095,5.6733832,-0.58664793,-0.074370444,-0.81235546,1.9532937,-1.0507866,-1.8894215,-2.3477509,-3.4862804,-3.3694584,-3.0823126,-3.1298716
325320,-0.79396981,6.3840933,-0.58355081,-0.017450303,-0.81625038,2.3993273,-0.81415993,-2.4515402,-1.8183985,-4.0466032,-4.3418851,-2.4891336,-2.6388044
325411,-0.54157478,5.5649037,-0.84897619,-0.032129724,-0.55835891,0.97484118,-1.3638036,-2.9595275,-3.4204147,-3.3567185,-1.9575431,-2.1274743,-3.6217885
325412,-0.33607554,6.6318364,-0.97761548,-0.082811512,-0.47193685,1.3593332,-1.3267486,-3.2570713,-2.7580109,-3.423692,-1.9048485,-1.4155538,-3.0280254
325413,-0.38781267,5.694869,-1.3997432,-0.090146683,-0.28323904,0.47617888,-1.6083909,-3.4295707,-3.2414629,-3.3595228,-3.9391763,-2.5526061,-4.086782
325414,-0.33652234,6.1934924,-0.62360942,-0.1112752,-0.76788419,0.77706653,-1.0899545,-3.1539409,-2.5282416,-3.0227544,-4.0424628,-1.9721755,-3.6428962
325510,-0.72340596,5.9711895,-0.78948122,-0.044318881,-0.60528338,1.8351426,-1.7105324,-2.7561922,-2.9578683,-3.9223897,-4.5965261,-3.5260527,-3.7074442
325520,-0.65592712,5.8026004,-0.75147128,-0.032070562,-0.63803816,1.5026802,-1.3367,-3.036438,-3.1128228,-4.0340195,-3.6697307,-3.6199386,-3.6721661
325611,-0.37433267,6.6007199,-0.53404152,-0.025114169,-0.88244724,1.6723248,-0.81102997,-2.4368725,-2.4334006,-3.6444845,-4.0520988,-2.7405534,-3.7116544
325612,-0.51587433,5.9700565,-0.92767698,-0.27762991,-0.50330615,1.4105016,-1.7389973,-2.3967476,-2.4367299,-3.2520602,-3.5086777,-2.9058063,-3.2776217
325613,-0.71287268,6.4137745,-0.68010581,-0.012131546,-0.70636088,1.9849905,-0.41260228,-2.6300569,-3.5324204,-4.3561487,-5.5170202,-3.2100625,-3.0857067
325620,-0.47266829,6.3992825,-0.83225256,-0.14454544,-0.57105023,1.7865105,-0.48304304,-2.097338,-1.4794868,-3.5392885,-1.4202507,-2.6521246,-4.058588
325910,-0.92602777,5.1998358,-0.75910687,-0.033917248,-0.63127023,1.504177,-1.854569,-2.7648265,-2.9124231,-3.4793549,-4.9419665,-3.3778291,-3.5512979
325920,-0.51155341,5.2891827,-0.74138707,-0.22114451,-0.64712769,0.7596727,0.30183426,-3.3591847,-3.7205465,-4.0106263,-5.2403879,-3.5034118,-3.5701768
325991,-0.95227987,5.3877077,-0.59534895,-0.028361822,-0.80155706,1.8049728,-1.3653167,-2.7522173,-3.0816734,-3.5457933,-4.7252603,-3.5824754,-3.7041314
325992,-0.62444127,5.9436779,-0.62393975,-0.137679,-0.76750273,1.7043972,-2.2710631,-3.4202566,-2.8848386,-3.1593773,-4.8723221,-2.7874405,-3.2419643
325998,-0.58965778,5.8337679,-0.64150065,-0.057131544,-0.74760705,1.4099829,-0.6424042,-2.7786558,-2.8891797,-3.0915658,-3.9447289,-2.8350952,-3.2037444
326111,-0.78603071,5.2113476,-0.30740884,-0.087216727,-1.3293467,1.5227633,-1.1815462,-2.6436961,-2.9549623,-4.2269273,-5.528657,-3.7013786,-3.7753356
326112,-0.8628971,5.1792216,-0.34628424,-0.020896859,-1.228646,1.4486549,-1.1621588,-2.7830241,-3.3167157,-4.3079982,-5.6809468,-3.7367265,-3.7706079
326113,-0.75220174,5.3820243,-0.54166991,-0.03910758,-0.87173796,1.4357243,-1.3840841,-3.0965867,-2.8950517,-3.8550203,-4.8560009,-3.4801075,-3.6697958
326121,-0.37037802,5.6864653,-0.56257516,-0.028839102,-0.84336561,0.9349981,-1.5998806,-2.6358466,-3.004216,-3.6749249,-3.4346704,-3.2087822,-4.0628972
326122,-0.87133628,5.2034955,-0.32401967,-0.026540725,-1.2845902,1.7100807,-1.4262294,-2.6113563,-2.8147557,-3.865,-4.4769711,-3.3463655,-3.2583194
326130,-0.55170512,5.3489676,-0.4786216,-0.035628181,-0.96662897,0.99176592,-1.6378323,-3.0021813,-2.7809265,-3.7527654,-4.2766867,-3.3721924,-3.7693899
326140,-0.6783157,5.1397414,-0.35691586,-0.082329981,-1.2034109,1.3111098,-1.4985744,-2.1902986,-2.4387355,-4.3756213,-5.3935661,-2.0025034,-3.2758558
326150,-0.78637642,5.0934105,-0.536695,-0.031039769,-0.87869978,1.4486417,-1.7089549,-2.2446616,-2.3705804,-3.8043797,-4.7411232,-3.6193442,-3.6249909
326160,-0.86707503,5.0979958,-0.29671183,-0.008273068,-1.3596842,1.5551188,-0.95807099,-1.829363,-2.4895782,-4.4497581,-6.2663698,-3.8800204,-3.316004
326191,-0.5562036,4.942544,-0.54951459,-0.04459912,-0.86092681,0.93729454,-2.0092571,-2.2693043,-2.7537005,-3.7444906,-2.5856707,-3.3592658,-3.5965581
326199,-0.62889892,4.9354701,-0.46458519,-0.039798032,-0.9899258,1.005582,-1.1453311,-2.5436959,-2.3222876,-3.8477483,-4.3258233,-3.3264735,-3.8100605
326211,-0.77245635,5.1888428,-0.26831949,-0.070173293,-1.4467386,1.2433479,-0.85507417,-4.2672629,-2.7969067,-4.7021909,-4.3577352,-3.8681431,-4.021297
326212,-0.8698256,4.8163705,-0.41940054,-0.1065364,-1.0713109,1.382785,-1.9505675,-2.3241813,-3.4683242,-3.8375282,-5.1337581,-4.2066126,-3.7284157
326220,-0.62609309,5.0318584,-0.47790024,-0.046200503,-0.96780521,1.0048209,-1.7383353,-2.9565096,-2.8323829,-3.3547542,-4.4557676,-3.3583579,-3.993731
326291,-0.74013436,4.8482866,-0.42101982,-0.14959979,-1.0682104,1.1232553,-1.8488332,-3.1243842,-2.3859589,-4.1471772,-5.620163,-3.6674128,-4.2311316
326299,-0.68897974,5.1863503,-0.51551938,-0.053635273,-0.90929115,1.232932,-1.7412361,-2.7326875,-3.0200315,-4.0450778,-4.2139692,-3.3687027,-4.0866952
327110,-0.34457994,4.8360801,-0.48491439,-0.078791842,-0.95646167,0.15804911,-1.7208529,-2.8363984,-3.2220185,-4.0456209,-3.3413963,-3.6233706,-3.6596005
327120,-0.48433179,5.187325,-0.44590017,-0.052639872,-1.0223395,0.74823654,-0.82144368,-2.8643806,-2.9172659,-3.9318609,-4.6882544,-3.5841749,-3.566272
327211,-0.50980276,5.4065371,-0.37970075,-0.049888968,-1.1522223,1.0696927,-0.8813597,-3.1068883,-2.9748189,-3.3295827,-4.5454226,-3.4449944,-3.2199261
327212,-0.40050566,5.1626501,-0.28612688,-0.022148687,-1.3909745,0.39651716,-0.882487,-2.8456709,-2.8735905,-3.9743755,-4.8568931,-3.7684929,-3.8255916
327213,-0.34167433,5.5775533,-0.18240082,0.002773684,-1.7913632,0.5019694,-0.7442444,-2.7284374,-3.9263103,-3.8519266,-7.8532219,-3.6402009,-3.4598022
327215,-0.59231788,4.9755087,-0.46109524,-0.026024194,-0.99585521,0.8890518,-1.1689023,-2.9554687,-2.7427812,-3.6332576,-4.9352427,-3.4234128,-3.6513646
327310,-0.55506575,5.9731808,-0.39091814,-0.043041788,-1.1283569,1.3231819,-0.5931229,-2.4513302,-3.0091662,-3.8426938,-5.8482099,-2.5619674,-1.8934126
327320,-0.70815516,5.2198863,-0.23225072,-0.028550185,-1.5738167,1.3246399,-0.97142512,-2.3719969,-3.9016314,-3.7480736,-5.0613165,-3.7276266,-3.002342
327331,-0.5256021,5.1977997,-0.57456428,-0.15134224,-0.82770795,0.99148059,-1.052019,-2.3759181,-2.9259522,-3.6939187,-2.5986242,-2.8609936,-2.8760455
327332,-0.45193499,5.2324357,-0.39130864,-0.041760355,-1.1275411,0.7246542,-1.4883574,-2.9322352,-2.4649022,-3.2501497,-4.8824701,-3.7278702,-2.9651756
327390,-0.46187147,4.9802418,-0.43946436,-0.059174616,-1.0338967,0.5975225,-1.6957542,-2.4543986,-2.8708267,-4.0796509,-4.6980424,-2.4842567,-3.4496934
327410,-0.61288464,5.6825309,-0.22610193,-0.010685356,-1.5976911,1.3596963,-0.32039028,-1.7853438,-5.4146576,-4.3341799,-6.0085502,-3.3138165,-2.3349042
327420,-0.66376019,5.7646608,-0.27698693,-0.035938062,-1.4190837,1.5323266,-1.1074938,-2.8384628,-3.6573713,-4.4283628,-7.0662675,-3.9404624,-2.8606424
327910,-0.31406385,5.8360648,-0.7663244,-0.074908532,-0.62496167,0.71083564,-1.672681,-3.0601227,-3.9766357,-3.7961555,-4.5909662,-3.1693254,-4.0024495
327991,-0.57160884,4.5545297,-0.53027338,-0.051543724,-0.88781041,0.43923837,-2.0653045,-2.6700208,-3.9679668,-4.0243192,-3.8256183,-3.7285795,-3.751092
327992,-0.50867343,5.8404217,-0.38202569,-0.031523,-1.1472067,1.2693874,-0.53129578,-2.6411254,-3.4890811,-3.6075892,-6.0310249,-3.28334,-2.7602787
327993,-0.48002285,5.5488081,-0.37320274,-0.037069298,-1.1664382,0.98812783,-1.2545124,-2.6569283,-2.8428304,-4.0252838,-5.9855976,-3.7071347,-3.2087865
327999,-0.50907528,5.4533153,-0.43600407,-0.050853912,-1.0401975,1.14296,-0.92931759,-1.779717,-3.1804299,-3.4736719,-3.6648417,-3.6489046,-3.153476
331110,-1.0071446,5.7567539,-0.25501856,-0.016663624,-1.4912199,1.9495628,-0.95866001,-2.927211,-3.8166766,-3.5109997,-5.8073297,-2.8000801,-3.3073967
331210,-1.0474916,4.9812551,-0.43594259,-0.035055898,-1.0403099,1.4103982,-0.9058727,-3.1493053,-3.3547416,-4.3162637,-5.615993,-3.2331715,-3.2343738
331221,-0.9819718,5.4847703,-0.5098449,-0.046516236,-0.91776365,1.801845,-1.1863531,-2.9797347,-3.1445928,-3.782459,-5.6597576,-2.8852186,-3.1667695
331222,-0.90835834,4.951108,-0.47918755,-0.056093872,-0.96570772,1.4269819,-1.9560761,-3.1898623,-3.2070649,-3.9968984,-4.5979862,-3.4146161,-3.6710432
331313,-0.91769809,5.7077765,-0.58854562,-0.01655449,-0.80998236,1.7666551,-1.7994589,-2.6894729,-2.8570268,-3.7791359,-1.4528201,-3.4135644,-3.0113013
331314,-1.3770883,5.4629164,-0.4074088,-0.032912306,-1.0947362,2.5189073,-1.0758184,-2.7616258,-3.8432074,-3.3760424,-1.7782253,-2.8458109,-3.3474016
331315,-1.2182544,5.4471397,-0.34105021,-0.041405577,-1.2414089,2.0453835,-0.72726721,-3.3142221,-3.6551056,-3.8234818,-6.572278,-3.9799452,-3.4852672
331318,-0.91426104,5.0169744,-0.36495829,-0.012785846,-1.1849078,1.5244908,-1.667999,-2.8807037,-3.015008,-4.1023378,-6.2813373,-3.3407269,-3.8543537
331410,-0.93297732,6.020123,-0.56602615,-0.035441197,-0.83881414,2.2586977,-1.4319034,-2.4338117,-2.3310702,-3.9709802,-6.0570526,-1.9235065,-2.7844441
331420,-1.5590215,5.0490565,-0.42167762,-0.018641161,-1.0669551,2.3790991,-1.6069536,-3.4870081,-3.9287963,-3.7120631,-5.8865337,-3.4677758,-3.789336
331491,-0.93002999,5.1238632,-0.47764888,-0.014417732,-0.96821564,1.3558639,-1.7176454,-3.2127733,-3.561904,-3.5623815,-5.9665399,-2.8449171,-3.2816665
331492,-0.67741913,6.4191895,-0.50191808,-0.06062562,-0.92980266,2.2715929,-0.94203436,-2.6542399,-2.955919,-3.8915186,-5.007916,-2.7580223,-3.4781775
331511,-0.54930997,5.0576892,-0.30079317,-0.075614072,-1.3479619,0.76506799,-1.7470469,-3.8765314,-3.7574043,-4.7250009,-5.6425753,-3.6610756,-4.1791563
331512,-0.56364071,5.1214609,-0.34786174,-0.006904047,-1.2248441,0.79594165,-1.7705373,-3.6607857,-3.3122127,-4.0725341,-7.1725154,-4.7089996,-4.3373327
331513,-0.63693494,5.0013824,-0.42286947,-0.082926482,-1.0646868,0.84446609,-1.7958099,-2.5843868,-2.8949554,-3.5977235,-6.3753958,-3.6510513,-4.2046027
331523,-0.5623123,4.9515982,-0.29425883,-0.020429604,-1.3668196,0.71977669,-1.466974,-3.3719113,-2.809711,-4.2839384,-6.5478687,-3.6122298,-4.3503313
331524,-0.52739704,4.761189,-0.40800983,-0.03498267,-1.0935422,0.52573204,-1.8003117,-3.3494089,-3.0170977,-3.9805713,-5.6838732,-3.7360344,-3.9062567
331529,-0.6527639,4.7902799,-0.38484195,-0.036818907,-1.1411802,0.77528548,-1.5590286,-3.3252854,-4.2275214,-3.9062634,-5.2795639,-3.517426,-4.3702121
332111,-0.80304056,5.110548,-0.4169527,-0.02404565,-1.0760256,1.2528479,-0.87529659,-3.3197851,-3.1590943,-3.8823845,-7.0200925,-3.3718331,-3.5405946
332112,-1.0441315,5.0874634,-0.45070353,0.19530983,-1.0138477,1.5421709,-0.68910748,-2.9725668,-3.2860148,-3.7874396,-5.4879732,-3.2970383,-3.5449722
332114,-0.85450125,4.9958367,-0.45520654,-0.017247971,-1.0059882,1.3325602,-1.70865,-2.6192896,-2.4935448,-3.8333411,-5.3456082,-3.6300948,-3.758837
332117,-0.558339,4.9664869,-0.42418933,0.60737753,-1.0621839,0.75984037,-1.5848799,-3.4001284,-3.2414303,-3.9564664,-5.8390684,-3.6018384,-4.142704
332119,-0.64235795,4.7660465,-0.47485518,-0.042137645,-0.97279525,0.71511936,-1.9301145,-2.6896691,-2.9932826,-3.8457525,-4.8256865,-3.616771,-4.112525
332215,-0.33276534,5.9579096,-0.47570282,-0.08421509,-0.97140217,0.97903037,-1.5855104,-3.1137164,-2.7652531,-3.4263256,-2.1662335,-2.5768361,-3.9490232
332216,-0.50391752,4.9544268,-0.5295704,-0.14363837,-0.8888163,0.55812603,-1.7187594,-2.7897124,-3.0201061,-3.5557148,-3.1093965,-2.9538803,-3.9806442
332311,-0.79585975,4.9104276,-0.72758293,-0.053311139,-0.65985793,1.1086003,-2.3929026,-2.6041894,-3.2939904,-3.6145096,-4.0225286,-3.3217812,-3.8603828
332312,-0.75420302,5.0312338,-0.46940488,-0.068572812,-0.98182797,1.1294069,-2.193152,-2.5371561,-3.3686671,-3.7612405,-5.0622449,-3.1316037,-3.8701584
332313,-0.6389702,4.6646481,-0.43196592,-0.038763072,-1.0476289,0.57873935,-2.3692079,-2.6185687,-3.299613,-4.0561481,-5.2347193,-3.6700656,-3.9701688
332321,-0.68756229,4.8249207,-0.57784104,-0.074348129,-0.82350296,0.93515873,-2.4088748,-2.7438281,-3.0080454,-4.0334306,-4.4639726,-3.4319854,-4.1839108
332322,-0.62822819,4.7604375,-0.5006637,-0.047646903,-0.93172991,0.69414788,-2.2068317,-2.4373074,-3.088268,-3.8759685,-4.3289552,-3.7813935,-3.8836832
332323,-0.51724744,4.9689479,-0.62116945,-0.033979326,-0.77071035,0.61626738,-2.1530242,-2.4877059,-2.82985,-3.888659,-3.6911335,-3.5727503,-4.1233592
332410,-0.55251849,5.1376071,-0.59840769,-0.17662396,-0.79781067,0.64997494,-2.3593776,-3.3205791,-3.5515256,-3.9293942,-4.9081583,-3.5041323,-3.9785695
332420,-0.66840869,4.8574266,-0.44769374,-0.042744428,-1.0191555,0.76614547,-2.2750788,-2.9259553,-3.1215484,-4.0212164,-4.8778257,-3.5867913,-3.8977718
332431,-1.2194408,5.4975286,-0.235911,-0.03270467,-1.5599383,2.1188009,-0.92285496,-3.0124059,-3.7559988,-4.8975458,-6.7250319,-4.444365,-3.3841481
332439,-0.78421611,4.9534016,-0.4567205,-0.038394537,-1.0033675,1.1929618,-1.8634113,-2.7448549,-2.8167369,-3.8555305,-4.1052818,-3.7647014,-3.4577904
332510,-0.61044705,5.1129756,-0.7029019,-0.053339429,-0.6834867,1.0166047,-2.0629871,-3.1144056,-2.6046219,-3.5210373,-3.9303956,-3.0547493,-3.9640007
332613,-0.61988312,4.9766264,-0.42980251,-0.10697753,-1.0516454,0.86371309,-1.6682544,-2.860337,-2.834182,-3.9872177,-4.8111963,-3.7801762,-3.81545
332618,-0.63666439,4.8246045,-0.58503503,-0.079161897,-0.81438047,0.86103022,-1.8956327,-2.5524907,-2.6972067,-3.8381577,-3.731601,-3.2625673,-3.8212314
332710,-0.43164703,4.6590338,-0.39566445,-0.035893407,-1.1185066,0.063188478,-1.8673955,-2.5242057,-3.6199808,-4.0133862,-5.3734536,-3.945694,-4.0065351
332721,-0.46010011,4.7351727,-0.37225595,-0.030162361,-1.1685343,0.25107428,-1.442327,-2.5420623,-3.3115423,-3.8346002,-5.2852263,-3.809124,-4.0002036
332722,-0.58826941,5.0950661,-0.42166913,-0.054223493,-1.0669713,0.81074709,-1.6175727,-2.8770308,-3.023669,-3.6060014,-5.1091485,-3.6820054,-3.6634018
332811,-0.42498672,5.1578727,-0.44835317,-0.036106169,-1.0179888,0.45452204,-1.5891973,-2.7514718,-2.7034101,-4.0160365,-5.3057065,-3.1224685,-3.5459635
332812,-0.59570575,4.9557681,-0.35449618,-0.016383229,-1.2090751,0.91129524,-1.862389,-2.5640779,-2.7013068,-4.0396175,-5.5072222,-3.7484457,-3.7756457
332813,-0.37358388,4.6297131,-0.43857649,-0.027232565,-1.0355076,0.010899514,-2.0341444,-2.7441781,-2.5786004,-4.0789509,-5.407033,-3.653939,-3.8936336
332911,-0.52440423,5.3037486,-0.6430887,-0.043129135,-0.74584419,0.79281062,-2.1624572,-3.3073666,-3.2207448,-3.5208478,-4.5342817,-3.3826878,-4.0888162
332912,-0.60428673,5.0899644,-0.71405554,-0.089917563,-0.67266703,0.75792962,-2.2672009,-3.3816786,-2.8887198,-3.3957176,-4.802443,-3.3649981,-4.1863475
332913,-0.6837666,5.6873107,-0.59886777,-0.21953118,-0.79724932,1.7053907,-2.288403,-3.0770242,-2.7560022,-4.0254593,-3.3553207,-3.280642,-4.7540307
332919,-0.65239328,5.0896926,-0.68484503,-0.090476252,-0.70151883,0.91386902,-1.9526608,-2.8182399,-3.3439322,-3.4642892,-4.0125961,-3.0867217,-3.7013783
332991,-0.5757401,5.1073818,-0.29423824,-0.012173852,-1.3668798,0.87148929,-1.927026,-3.6257858,-3.0032752,-3.8763926,-6.0418787,-4.0541811,-3.8214459
332992,-0.50693047,5.3390665,-0.43869087,0.079176106,-1.0352998,0.93190211,-1.892133,-3.3165312,-2.9282815,-3.6349838,-3.0336156,-2.3228698,-3.2387283
332993,-0.32201526,5.2188411,-1.7041361,0.35483932,-0.20080675,-0.18007994,-4.4612875,-4.6456728,-2.9878092,-3.2626169,-6.1353765,-2.8245273,-5.1827116
332994,-0.49628001,5.5585442,-0.65608829,-0.015956873,-0.73163247,1.0421226,-1.7345769,-2.9925754,-2.9125464,-3.1201568,-2.3112166,-2.547612,-2.6344354
332996,-0.68726486,4.7112617,-0.44521093,-0.054368313,-1.0235673,0.65919918,-2.0238302,-2.771904,-3.2458801,-4.2672844,-5.2538834,-3.7524316,-3.78864
332999,-0.57904553,4.8126559,-0.48949724,-0.055416808,-0.94916129,0.65205389,-2.0087235,-2.4198992,-2.7647419,-3.6952219,-4.0092659,-3.5294073,-3.9654529
333111,-0.835832,5.2405763,-0.6529398,-0.044332579,-0.73503917,1.4823046,-1.8645996,-3.001714,-3.2509236,-4.2227883,-3.9419479,-2.9697721,-4.0209746
333112,-1.0993651,5.1878901,-0.44816914,-0.020421807,-1.0183141,2.0839949,-1.420904,-2.6973376,-1.9001516,-4.0012889,-3.3405144,-3.3085089,-4.1181445
333120,-0.85481882,5.3992562,-0.66708434,-0.16307297,-0.71990752,1.604933,-1.9132535,-3.3167343,-2.949049,-3.3443608,-4.028091,-3.032768,-4.1829109
333131,-0.75648212,4.8927302,-0.7781933,-0.054692622,-0.61477041,0.86123323,-1.9721072,-3.1839921,-3.2330551,-3.6256354,-4.2475314,-2.8224525,-3.9866974
333132,-1.0340117,4.7225938,-0.63704687,-0.063480183,-0.75258279,0.97681653,-2.0663228,-2.6528502,-3.1949871,-3.3209977,-4.9535923,-3.2443435,-3.1026702
333241,-0.55113721,5.3051376,-0.82608968,-0.12147786,-0.57582241,0.77174407,-2.320034,-2.9426668,-3.4663315,-3.4448423,-3.6616778,-3.1007695,-4.156455
333242,-0.77600729,5.3231893,-1.7197061,-0.071342617,-0.19737686,0.6491428,-1.5318235,-3.9097261,-3.5927162,-3.4768727,-5.6460891,-2.5331211,-4.623508
333243,-0.64223957,5.0103478,-0.69351131,-0.080747977,-0.69278324,0.69405621,-2.3770676,-2.8727655,-3.9060669,-3.6119816,-4.1632051,-3.2807264,-4.2358146
333244,-0.69475389,4.9907265,-0.82934391,-0.11290606,-0.57329601,0.79343379,-1.8334011,-2.4693947,-3.0095227,-3.2152646,-3.9961846,-2.451993,-3.8135648
333249,-0.53602469,5.1112847,-0.78357279,-0.061563317,-0.6102246,0.65809423,-2.3204772,-2.8908124,-3.3381541,-3.6239893,-3.8984888,-3.3669605,-4.2131543
333314,-0.51621521,5.2914538,-0.83463067,-0.044853922,-0.56922263,0.67029428,-1.4582235,-2.7515433,-3.1979158,-3.3159776,-2.9771469,-2.5012419,-4.0350938
333316,-0.57900959,5.5355005,-1.2793179,-0.045189518,-0.32604465,1.0095986,-2.0908244,-1.9773548,-2.1521544,-2.8473034,-2.8424673,-2.3296752,-4.069387
333318,-0.56053376,5.3267269,-0.89962786,-0.10837209,-0.52209049,0.95931929,-2.2533147,-2.8147259,-3.2299407,-3.2286911,-3.4943137,-3.1140218,-4.1554642
333413,-0.60623133,4.9192157,-0.65184253,-0.049013987,-0.73623168,0.85136271,-2.2631936,-2.8980372,-2.8538132,-3.8265095,-3.8345587,-3.575408,-4.0231128
333414,-0.58897084,5.0464621,-0.71365482,-0.07763876,-0.67305166,0.87678742,-2.5361617,-2.938277,-3.0108893,-3.8652372,-3.5060072,-3.349086,-4.0580821
333415,-0.70282418,5.2259169,-0.52637988,-0.049500037,-0.89340377,1.3518397,-2.0953238,-3.1043181,-2.9905083,-3.8842039,-4.3926439,-3.4146876,-4.1982327
333511,-0.46194136,4.6952076,-0.40122446,-0.04359547,-1.1071479,0.16959263,-1.6334718,-2.795367,-3.2027137,-3.8519347,-4.8355222,-3.6766016,-3.8963864
333514,-0.45373553,4.7855091,-0.4559499,-0.046933211,-1.0047002,0.17416793,-1.8920501,-2.7626545,-3.5558774,-3.6387551,-4.693233,-3.767725,-4.1652708
333515,-0.36619407,4.8764443,-0.49898627,-0.098255724,-0.93431675,0.054278754,-1.8267305,-2.8470988,-3.7554061,-3.636601,-4.1971774,-3.7723787,-4.1538401
333517,-0.61796612,4.9836435,-0.66429156,-0.11930629,-0.72286028,0.63096189,-2.2847018,-2.9920673,-3.4562526,-3.5313222,-3.6868043,-3.5176098,-4.1776867
333519,-0.59996229,5.0647612,-0.75541288,-0.035546381,-0.63453233,0.60907269,-2.2544975,-3.0161462,-3.0423901,-3.5037417,-4.5771093,-3.5677462,-4.4194851
333611,-0.75733715,5.3703327,-0.74403459,-0.030075958,-0.64472437,1.0634557,-1.9142331,-3.1807125,-2.4275885,-2.8043275,-5.6419191,-3.5190523,-3.8602552
333612,-0.46295026,5.1965122,-0.556189,-0.053634942,-0.8518852,0.65994573,-1.8940718,-3.1035187,-3.6673818,-4.1452007,-4.8492556,-3.8753538,-4.1174979
333613,-0.61767495,4.9799881,-0.54264939,-0.070850395,-0.870377,0.84543514,-2.0678334,-3.3705676,-3.484431,-3.8290372,-4.5044107,-3.2206402,-4.0387936
333618,-1.0013437,5.4451361,-0.60229021,-0.021044374,-0.79309165,1.9335264,-1.3023235,-3.3470223,-2.9507284,-4.1732969,-4.3702788,-2.8514221,-3.637645
333911,-0.59795177,5.4342146,-0.78499615,-0.066240579,-0.60902935,1.083245,-1.6630214,-2.9468126,-3.0880487,-3.0861104,-3.941149,-3.1320882,-3.2851701
333912,-0.66859949,5.327282,-0.85074943,-0.055189803,-0.55703491,1.1545998,-1.8936267,-3.1315727,-2.9602849,-3.4004316,-3.7138977,-3.1966698,-4.0266914
333913,-0.76085532,5.1509037,-1.1162139,0.01103118,-0.39677912,0.99830663,-2.2221808,-3.2775955,-2.5012057,-3.0965881,-4.0245585,-1.9333323,-3.3923233
333921,-0.76959473,5.1087947,-0.79085159,-0.076056033,-0.60414499,1.3101547,-2.031177,-2.5919988,-3.4367242,-3.4035001,-3.7326186,-2.9439566,-3.8497167
333922,-0.64682132,4.8757658,-0.90899855,-0.10204124,-0.51571679,0.58382928,-2.2482231,-3.0983193,-3.1532621,-3.8044326,-4.2303882,-3.642725,-4.4133644
333923,-1.0146683,5.1362662,-0.64293051,-0.09975668,-0.74601954,1.6360354,-2.5711741,-2.9574072,-3.2257838,-3.2180085,-3.5825074,-2.1231799,-4.3827672
333924,-0.91756803,5.0015302,-0.58477581,-0.046585526,-0.81470656,1.395645,-2.1530015,-3.0279219,-3.1515462,-3.4019749,-4.2012544,-3.1480434,-4.4238791
333991,-0.73666471,5.4597006,-0.60177249,-0.13708185,-0.79371858,1.5047504,-1.8534617,-3.2543888,-2.9392822,-3.59057,-2.1724474,-3.1009705,-4.1681209
333992,-0.65116233,5.1950326,-0.89892685,-0.081517048,-0.52257133,0.87356949,-2.4508023,-3.6341007,-2.6977379,-3.8351882,-3.8842895,-2.8629823,-4.3136783
333993,-0.61902624,5.273344,-0.90852457,-0.13954028,-0.51603675,0.85126895,-2.7582893,-3.0636909,-2.5380154,-3.4782915,-4.1217628,-3.2812235,-4.1806755
333994,-0.56643784,4.9816251,-0.79728365,-0.063768394,-0.59883958,0.52127618,-2.4315126,-2.9098797,-2.9596326,-3.7414804,-4.0138111,-3.0679038,-4.2906022
333995,-0.69352055,5.0151668,-0.59402966,-0.053102754,-0.80318087,0.86002856,-2.1421874,-3.2883432,-2.9974413,-3.23489,-4.4396219,-3.5585537,-4.0791616
333996,-0.81484759,5.1384726,-0.58161533,-0.14472631,-0.81869829,1.1265019,-2.4047177,-3.6532848,-3.0013633,-3.3941932,-5.4228206,-3.4051969,-3.9794915
333997,-0.80046988,4.9022765,-0.71156746,-0.25348312,-0.67506003,1.0745157,-2.5058239,-3.5741599,-3.6531589,-3.7988708,-3.4378426,-3.4550724,-4.5023656
333999,-0.59398109,5.176343,-0.89865667,-0.16369234,-0.52275681,0.76325548,-2.1021588,-2.9277995,-3.0362046,-3.286865,-4.2493267,-3.0702801,-4.1846399
334111,-0.96189308,5.7971082,-1.3391675,-0.10083362,-0.30389786,1.9600593,-2.0507245,-2.4455724,-3.1666021,-3.2934847,-2.635587,-2.8931446,-4.5617332
334112,-0.75595742,6.0262542,-1.4211441,-0.045219686,-0.27633023,1.7183906,-0.56846875,-3.3771303,-4.1604743,-4.0304756,-4.6415906,-2.8802595,-4.8414989
334118,-0.59950805,5.5194163,-1.311559,-0.074373245,-0.31388882,0.9764905,-2.211576,-2.3572612,-3.043565,-3.1690772,-3.1589069,-2.5541739,-4.289072
334210,-0.85133946,5.1980672,-1.216136,-0.097135633,-0.3515071,1.2806904,-1.9728202,-2.7816284,-2.9627275,-3.0152502,-4.2754717,-2.4843416,-4.2414174
334220,-0.55609769,5.3751974,-1.1900109,-0.10821299,-0.36271879,0.50228089,-2.1406636,-3.123158,-3.296906,-2.7150517,-3.6629698,-3.0644603,-3.5794899
334290,-0.52250749,5.3165822,-1.3525809,-0.12058132,-0.29917726,0.70323312,-2.783428,-2.7584801,-3.4813685,-3.5476224,-3.8014963,-3.3003116,-4.3608189
334310,-0.58036655,5.193625,-1.1383007,-0.13446434,-0.38619637,0.90286851,-2.9226096,-2.4826524,-3.4560924,-3.3379917,-2.7199912,-2.6817122,-3.9665408
334412,-0.58597177,4.5995326,-0.47220686,-0.02393188,-0.97716796,0.54907781,-1.7773573,-2.8527238,-3.0949297,-3.7096095,-5.2545905,-3.0450397,-3.9022174
334413,-0.55755633,5.611114,-0.85103494,-0.022723496,-0.55682212,0.71522915,-0.42794731,-3.6628256,-2.9773939,-3.327296,-5.7501793,-2.6846092,-3.678546
334416,-0.63311124,4.7011232,-0.66893888,-0.036322754,-0.71795613,0.73684829,-2.4938347,-3.0817752,-3.6533842,-3.709501,-4.7612157,-2.9567099,-3.4801583
334417,-0.52263045,5.1833601,-0.75150275,-0.026387528,-0.63801003,0.67721444,-2.2072284,-3.1203279,-3.2076411,-3.2211664,-4.8981242,-3.2949665,-3.9734433
334418,-1.1021976,4.7037373,-0.92668545,-0.05598703,-0.50395536,1.3772601,-1.9620301,-2.7911513,-2.8339422,-3.4098334,-4.2517152,-3.2763605,-4.3415976
334419,-0.4774859,4.9945345,-0.82033163,-0.059708949,-0.58032864,0.38477322,-2.5496566,-2.9425344,-3.1488755,-3.3997331,-4.3171854,-2.8099337,-4.1283913
334510,-0.47228521,5.5165849,-1.432849,-0.064807765,-0.27263334,0.63425124,-1.7951413,-3.1185937,-2.4386537,-3.3780673,-3.5309355,-2.4462013,-3.9119754
334511,-0.34480321,5.6634851,-1.4584496,-0.05596583,-0.2647427,0.14498022,-2.4919243,-3.8512228,-3.6516554,-3.2318597,-4.9654298,-3.5957778,-4.5980797
334512,-0.60122913,4.9084702,-1.3752241,-0.14208123,-0.29139957,0.43187323,-3.5804551,-3.49282,-3.5971227,-3.5647531,-3.8761408,-2.6399229,-5.0221128
334513,-0.44766894,5.1985526,-1.229987,-0.047903713,-0.34572989,0.35029492,-2.6919389,-3.2075686,-2.9289415,-3.0283711,-4.1125989,-2.8959856,-4.3984795
334514,-0.61801785,5.4078565,-1.1351676,-0.024249626,-0.38767666,1.0376085,-2.4511573,-3.0485935,-2.9934287,-3.1947942,-3.7562749,-2.6954403,-4.2221637
334515,-0.55427676,5.3821244,-1.4668407,-0.034340512,-0.2622132,0.61597669,-2.4726045,-2.9059284,-3.2611239,-3.231771,-3.6451695,-2.5881441,-3.9143803
334516,-0.41449159,5.5664687,-1.4080375,-0.10797175,-0.28053814,0.46768826,-2.1762428,-3.2807753,-3.2332733,-3.3734033,-3.6454601,-2.4693189,-4.3999505
334517,-0.56787908,5.6663413,-1.4215324,-0.11491328,-0.2762067,0.91944152,-2.7636957,-2.9066286,-3.5194664,-3.4134796,-3.7507651,-2.8123782,-4.5291643
334519,-0.53213108,5.2969208,-1.2679336,-0.064803749,-0.33046785,0.55390877,-2.4557073,-2.875272,-3.2149382,-3.2328913,-3.3342814,-2.7855766,-4.2964687
335110,-0.51442122,5.345685,-0.61500454,-0.090366006,-0.77791768,0.82809371,-2.2017543,-3.2413075,-3.5596011,-4.5633516,-4.5104737,-3.4458573,-4.691884
335121,-0.56171107,5.0661783,-0.7340188,-0.15255095,-0.65388066,0.88887703,-2.5517683,-2.5213187,-3.120611,-3.6446579,-3.3783603,-3.2548666,-4.6072106
335122,-0.5460856,5.2123113,-0.91529405,-0.05758458,-0.51149064,0.83694685,-2.4181554,-2.6551516,-2.7254608,-3.7070189,-3.7997022,-2.8816731,-4.2185564
335129,-0.55971479,5.2919822,-0.91328675,-0.082074955,-0.5128333,0.99122846,-2.1989925,-2.4422545,-3.3250968,-3.5520885,-2.5518384,-2.5074515,-3.6915033
335210,-0.66512644,5.3095717,-0.48569289,-0.13740703,-0.95521539,1.4034903,-1.7495373,-3.4600613,-2.7895329,-3.9544077,-2.7243283,-2.9809935,-4.4479127
335221,-0.85916102,5.1109047,-0.29884559,-0.058576241,-1.3535327,1.5334888,-1.4519116,-3.4775686,-2.1958413,-4.5825162,-3.7940927,-3.3739264,-4.1233544
335222,-0.11704564,6.1339798,-0.17947553,-0.037862729,-1.8061124,1.8577505,-1.5073853,-2.3591504,-2.3729312,-3.3402493,-1.4334297,-1.7400529,-3.2769892
335224,-0.62372321,5.9864931,-0.17947553,-0.12782356,-1.8061124,1.8577505,-0.59727794,-2.4557786,-2.0142601,-3.1431224,-1.365623,-1.4052213,-2.8736198
335228,-0.60436893,5.5982356,-0.30475327,-0.016329359,-1.3367627,1.5032371,-0.67851245,-3.6017394,-2.4676821,-3.9862101,-3.5630293,-3.5732543,-4.0754542
335311,-0.78617579,4.9035487,-0.54206204,-0.058728043,-0.87119269,1.1374689,-2.5188112,-2.9027224,-2.9676564,-3.8177176,-4.1501479,-3.0287611,-4.2487273
335312,-0.84292489,5.0134616,-0.61925721,-0.071012661,-0.77293563,1.2633048,-2.2680645,-3.3190932,-3.29953,-3.8817639,-5.1789942,-3.3985386,-4.1107202
335313,-0.68419051,5.251132,-0.72959894,-0.084148392,-0.65797752,1.0980811,-2.4532104,-3.0584786,-3.2305512,-3.7097433,-4.2418947,-3.1920869,-4.4801512
335314,-0.6995585,5.0109396,-1.030758,-0.10279965,-0.44120073,0.84749681,-2.6130066,-3.0697415,-2.9186604,-3.4967871,-4.2731724,-3.2144544,-4.6286135
335911,-0.73546171,5.1076508,-0.52728987,-0.023508722,-0.89209175,1.1898471,-2.1177371,-3.1005235,-3.9158413,-4.2639346,-4.6987767,-3.7962394,-3.0922294
335912,-0.71350497,5.4708509,-0.8567521,-0.022654137,-0.55258328,1.3283215,-1.6589295,-1.4985681,-2.6618218,-3.4628415,-5.8757749,-2.3694625,-4.1303344
335921,-0.68217838,5.3426704,-0.76049107,-0.046943031,-0.63005376,1.4233018,-1.4052877,-2.959949,-2.2220821,-2.063251,-4.1355119,-3.0792162,-4.1570807
335929,-0.98716122,5.2255683,-0.58176714,-0.043940637,-0.81850594,1.7786995,-1.4218103,-3.131408,-2.9540832,-3.4782639,-4.4773831,-3.4760113,-3.9297407
335931,-0.58359361,5.2460876,-0.76841718,-0.045227427,-0.62314832,1.0193112,-2.2158072,-3.0662971,-2.5183918,-3.1430099,-3.3920624,-2.8288705,-4.268044
335932,-0.46275577,5.5867248,-0.5374074,-0.06164252,-0.87769777,0.97783625,-1.6570169,-3.8007834,-3.2234516,-3.8560355,-3.8988719,-3.4716446,-4.105917
335991,-0.8083787,5.1475592,-0.47593826,-0.07549879,-0.97101581,1.1475444,-1.1560583,-2.9181147,-3.6063297,-4.0474792,-5.0116887,-3.3414249,-3.250936
335999,-0.64401758,5.2423444,-1.1759149,-0.050851282,-0.368945,0.74797112,-2.2663269,-2.8023527,-3.0082335,-3.6120567,-3.5710342,-2.6041141,-4.077384
336111,-1.5738224,5.7903385,-0.22644876,-0.00542479,-1.5963253,2.7781899,-0.64739257,-3.8616893,-2.5026829,-3.5477197,-5.7081094,-2.5285287,-4.1244836
336112,-1.3551854,6.3246293,-0.14207882,-0.003186964,-2.0215716,3.0353987,-1.1104429,-4.5437608,-3.1713006,-4.1401477,-6.2365837,-2.5216415,-4.0124044
336120,-1.355505,5.4866319,-0.35210383,-0.019379446,-1.2147207,2.4532449,-2.1190062,-3.7760441,-4.1031241,-4.2591558,-5.1333075,-3.4465866,-4.4833632
336211,-1.009654,4.7081585,-0.46284506,-0.077463619,-0.99287528,1.4227449,-2.3166938,-3.1965389,-3.4624801,-3.9595664,-4.0745463,-3.6251907,-4.3924894
336212,-1.1662204,4.6015191,-0.3046672,-0.021572545,-1.3370042,1.5663346,-2.1468811,-3.5001094,-3.0794048,-4.2173028,-4.6860061,-3.4271328,-4.4740262
336213,-1.2439094,4.8514452,-0.44703358,-0.017227516,-1.0203255,1.8130208,-2.2000446,-3.7391169,-4.1083646,-4.3176575,-3.5008011,-3.4459598,-4.229044
336214,-0.93513376,4.7679505,-0.3699446,-0.005945166,-1.1736783,1.3228458,-2.6267233,-3.5876882,-4.1822419,-4.9301705,-4.0791745,-4.360765,-3.8299108
336310,-1.1859895,5.243351,-0.28816223,-0.024806252,-1.3848553,1.8206794,-1.0678591,-3.679013,-3.2989631,-4.5458918,-5.6084805,-3.4050133,-3.8838573
336320,-1.0509344,5.0232344,-0.43117371,-0.052944172,-1.0490968,1.6931823,-1.7268096,-3.4714806,-2.7197053,-4.0772014,-4.9336128,-2.4724195,-4.2207479
336330,-1.0432756,4.969882,-0.53470063,-0.044039663,-0.88151407,1.6177061,-1.5028175,-3.4220707,-2.442286,-3.5822213,-4.9176388,-2.7464168,-4.0106573
336340,-1.0505924,5.1742554,-0.39151323,-0.092322975,-1.1271139,1.8933932,-1.2405469,-3.4787979,-2.3124647,-3.9137409,-5.4557347,-3.3579817,-3.954474
336350,-1.1267989,5.2135377,-0.36773351,-0.032850359,-1.1786354,1.7818804,-1.0651108,-3.5889173,-2.7481291,-3.6944511,-5.8841009,-2.8912733,-3.8050754
336360,-1.2601351,4.9172897,-0.40948269,-0.017167138,-1.0906253,2.0308685,-1.6111952,-2.9189663,-2.3181093,-4.1586261,-6.2689843,-2.893491,-4.2720842
336370,-1.0309836,4.9039369,-0.3069106,-0.02340504,-1.3307325,1.4569082,-1.2686853,-3.0374682,-2.5031099,-4.3426189,-6.9000311,-3.6979244,-3.8615069
336390,-1.1717875,5.0408001,-0.39920017,-0.061312608,-1.1112611,1.9496096,-1.2435762,-2.9897375,-2.474968,-3.9416792,-4.9584155,-3.2040722,-3.973726
336411,-0.82288963,5.8171911,-0.68561965,-0.01980211,-0.70073181,1.4293382,-2.3915496,-4.1335588,-3.4306836,-1.9496397,-4.5122757,-3.2964187,-3.8295703
336412,-0.5534628,5.7839279,-0.72588098,-0.034425925,-0.66145104,1.1896544,-1.4930215,-3.1305251,-3.550447,-2.7880242,-5.366415,-3.05567,-4.5927806
336413,-0.62337095,5.2007704,-0.63892418,-0.010632787,-0.75047976,0.78056961,-1.8260492,-3.4225302,-2.7430503,-2.3356371,-5.6645427,-3.3920655,-3.77213
336414,-0.52165335,5.531899,-1.4729797,-0.035661947,-0.26038006,-0.22284265,-2.4370766,-3.8702679,-4.8574219,-3.2041934,-6.0671701,-3.9480429,-5.3675952
336415,-0.3311058,5.4509044,-1.3696762,-0.013605357,-0.2932834,0.12042777,-2.4312279,-3.0916536,-3.4066541,-3.2539554,-2.2912741,-3.6522322,-4.1600819
336419,-0.34759045,5.100842,-0.85343331,-0.000529543,-0.55503875,2.259254,-2.793354,-2.8172872,-3.3523304,-3.3454854,-0.28229013,-3.6215205,-4.6516938
336510,-1.3992536,4.9511561,-0.44974175,-0.068639375,-1.0155389,1.9587187,-1.6366416,-3.4123969,-2.8033743,-3.4610772,-5.5470524,-2.6324029,-4.0954242
336611,-0.37782821,5.1395197,-0.61294562,-0.010461994,-0.78034633,0.1987986,-2.2019095,-3.2813673,-2.7600005,-3.0776472,-6.0981717,-3.7251918,-3.8216767
336612,-0.81093162,4.797205,-0.4055582,-0.087531537,-1.0984261,1.2508043,-2.122376,-2.8429899,-2.8233113,-3.7935195,-2.6600254,-3.3465357,-4.0969758
336991,-0.77138007,5.7615161,-0.49755859,-0.012879523,-0.93652725,1.9518918,-0.91350049,-2.7659402,-2.419528,-3.9829991,-4.8201518,-2.4838929,-4.8117509
336992,-0.41735268,5.9033222,-1.1380192,-0.045958679,-0.38632908,1.1685932,-1.4679101,-2.931617,-2.797508,-3.3739538,-4.4940391,-3.4564469,-4.1823068
336999,-1.1827844,5.1813235,-0.57318401,-0.053839892,-0.82948864,2.0767353,-1.1977936,-2.6267028,-2.4050207,-3.5153539,-2.7400956,-2.451277,-3.8366544
337110,-0.51078016,4.6100841,-0.34935099,-0.017230267,-1.2212735,0.51276869,-2.6706026,-2.6018662,-3.1073155,-4.4780092,-4.1014724,-3.7169397,-4.1275024
337121,-0.7165097,4.5687976,-0.32151842,-0.10718703,-1.2911561,1.0142068,-3.0644214,-2.923461,-3.8105397,-4.1862464,-3.7433329,-3.8003697,-4.4952044
337122,-0.58595741,4.4612436,-0.38860863,-0.077050142,-1.1332023,0.6324659,-2.4318371,-2.5288725,-3.2825835,-4.195447,-3.3559945,-3.7796447,-4.1572385
337124,-0.847368,4.7416925,-0.56466371,-0.10637853,-0.84060669,1.1410428,-2.7698584,-2.1100664,-3.0106821,-3.2356579,-2.717572,-2.821388,-3.7977834
337125,-0.75742888,5.0626283,-0.61387086,-0.25196561,-0.7792536,1.5064957,-2.0606852,-1.8061076,-2.6168523,-3.1445618,-2.069066,-2.2701049,-3.6799538
337127,-0.55786771,4.6841731,-0.61382067,-0.063829504,-0.77931279,0.5831936,-2.5427163,-2.6772664,-2.6410627,-3.7863905,-3.8475418,-3.4937685,-3.972203
337211,-0.47203693,4.8088956,-0.36921793,-0.012945661,-1.1753036,0.61780238,-2.1163056,-2.8969271,-3.1153679,-3.8975697,-4.1707349,-3.8954656,-4.0709381
337212,-0.50415266,4.7511182,-0.67951423,-0.059626691,-0.70696861,0.36266893,-1.9506092,-2.5016506,-3.2412112,-3.9084096,-4.731246,-3.7294111,-3.9439788
337214,-0.57118738,5.2278771,-0.86007845,-0.02604099,-0.55013645,0.93842077,-2.004215,-3.0935574,-3.0660121,-3.739089,-3.8531582,-2.4410615,-4.38836
337215,-0.59012383,4.7905259,-0.57040006,-0.074631803,-0.8330974,0.74957067,-2.0403666,-2.6387365,-2.2342908,-3.7206457,-4.013135,-3.5107493,-3.6315625
337910,-0.70858085,5.2875528,-0.41566512,-0.031605419,-1.0785191,1.5171715,-2.1537516,-1.9960158,-3.0023537,-3.2748106,-1.2921978,-3.6512594,-3.9259937
337920,-0.61465001,4.7655311,-0.65524489,-0.08732976,-0.73254281,0.7775768,-2.621248,-2.9002399,-3.6585729,-3.4726291,-2.9657519,-3.0999012,-4.2570996
339112,-0.38062102,5.6167216,-0.91286469,-0.029275123,-0.51311618,0.64435005,-1.8837763,-3.242501,-2.8273182,-3.7304301,-3.8217618,-2.7292457,-4.1740255
339113,-0.47225511,5.6179938,-1.1957495,-0.12357163,-0.36022002,0.84787077,-2.0005815,-3.1384022,-2.9754033,-3.3049517,-3.477041,-1.973964,-4.1977525
339114,-0.38211468,5.3999901,-0.94963366,-0.19983244,-0.48919907,0.53333694,-1.8627502,-3.0825443,-3.4025145,-3.705447,-2.8120914,-2.6563385,-4.0735373
339115,-0.53722775,5.2703013,-0.7625311,-0.14450595,-0.62826663,0.8142488,-1.0840483,-3.0376337,-2.2897544,-2.3002708,-1.7455178,-2.1108296,-4.2180018
339116,-0.26131815,4.4584632,-0.43559125,-0.039053764,-1.0409533,-0.52997929,-2.4692438,-2.7362435,-4.2885509,-3.7990313,-3.4237502,-3.6199648,-4.4592195
339910,-0.64187896,5.1414785,-0.74555874,-0.11335185,-0.64334637,1.1901938,-2.2879443,-2.0491548,-3.400223,-3.3995881,-2.6215787,-2.9899189,-3.9732306
339920,-0.53156793,5.2059655,-0.83429307,-0.16302927,-0.56948161,0.92920935,-2.0294719,-2.4921756,-2.8556147,-3.1767223,-1.7023187,-2.6216772,-3.7216692
339930,-0.64929348,4.9225602,-0.76093829,-0.20850618,-0.62966144,1.0822655,-2.2024724,-2.2919352,-2.6300051,-3.4166007,-1.8704121,-2.7645454,-2.8804536
339940,-0.68756884,4.9990568,-0.84083861,-0.19339085,-0.56448776,1.1014884,-2.1954114,-2.8443494,-2.5758526,-3.6992986,-1.5521917,-3.1099081,-4.1944118
339950,-0.50111675,4.751585,-0.85336435,-0.10894896,-0.55508995,0.39557025,-2.5398226,-2.3863211,-2.8006711,-3.620537,-3.5454676,-3.668433,-4.0925851
339991,-0.50763345,4.9955025,-0.59185487,-0.062536776,-0.80586815,0.57767892,-1.875689,-3.0137889,-3.1557195,-3.7127092,-4.7159252,-3.5887351,-4.018424
339992,-0.47634163,4.6923151,-0.53306907,-0.086947285,-0.88382661,0.29944009,-2.4594424,-2.6887381,-3.6359539,-3.6601326,-2.5780666,-3.1177604,-3.881115
339993,-0.53508371,4.9289007,-0.69990814,-0.068802059,-0.68643165,0.6182605,-1.6682155,-3.1019077,-2.8745215,-3.2091434,-3.0207782,-3.1879199,-3.2208695
339994,-0.6043641,5.0953426,-0.61884075,-0.10194024,-0.77342147,1.0783273,-1.7980118,-2.488395,-3.0568531,-3.5496294,-2.187701,-3.0744321,-3.967499
339995,-0.66145289,4.5528235,-0.46464369,-0.04884081,-0.9898268,0.70416355,-2.8095698,-3.4744287,-3.4698665,-4.7398458,-4.8511667,-3.5791795,-4.3019567
339999,-0.44226733,5.0580549,-0.80467612,-0.075161003,-0.59281826,0.57347041,-2.1927187,-2.4770999,-3.0392063,-3.186409,-2.3494129,-2.9043095,-3.7329638
